workout_uuid,user_id,created_at,workout_type,duration_min,metadata,date_inferred,progress_log_id,id
06b8faa7-4698-47c3-8bc7-6fa80dc29011,c3650a98-16ba-4c06-9811-a6b994d5726e,2025-12-09 17:14:14.40214+00,strength,30,"{""notes"":""Focused on chest and triceps."",""llm_method"":""health_interpretation_v1"",""original_text"":""I workout out chest and triceps for 30min"",""source_log_timestamp"":""2025-12-09T17:14:14.402140+00:00"",""source_progress_log_id"":20}",2025-12-09,20,14
0fb9f626-9c58-4df6-a262-273cbd3e28b2,c3650a98-16ba-4c06-9811-a6b994d5726e,2025-12-04 22:04:46.22276+00,other,0,"{""macros"":{""raw_string"":""P 45g / C 70g / F 25g (conf 0.75)""},""intensity"":null,""activities"":null,""llm_method"":""health_interpretation_v1"",""estimation_notes"":""Estimates based on a standard bowl with rice noodles (1.5 cups cooked), 3-4 oz lean pork, 4 fish balls, and some cooking oil."",""primary_muscle_group"":null,""source_log_timestamp"":""2025-12-04T22:04:46.079754+00:00"",""original_workout_text"":""I did 30 min of elliptical cardio"",""source_progress_log_id"":11}",2025-12-04,11,5
1d61693a-486e-4bb4-9763-6d781fc822f4,c3650a98-16ba-4c06-9811-a6b994d5726e,2026-01-03 00:07:38.211944+00,cardio,0,"{""notes"":""Daily steps, no explicit workout duration."",""llm_method"":""health_interpretation_v1"",""original_text"":""Im on a long trip cant workout much but averaging a lot of steps"",""source_log_timestamp"":""2026-01-03T00:07:38.211944+00:00"",""source_progress_log_id"":26}",2026-01-03,26,1767398858211961
1e12626f-d2be-4282-990a-ac1693e62c8b,c3650a98-16ba-4c06-9811-a6b994d5726e,2025-11-27 04:46:10.975982+00,other,0,"{""macros"":{""raw_string"":""P 25g / C 46g / F 30g (conf 0.95)""},""intensity"":null,""activities"":null,""llm_method"":""health_interpretation_v1"",""estimation_notes"":""Standard McDonald's Big Mac."",""primary_muscle_group"":null,""source_log_timestamp"":""2025-11-27T04:46:10.786467+00:00"",""original_workout_text"":"""",""source_progress_log_id"":6}",2025-11-27,6,1
2423549f-cd44-4bcf-898f-22981c0376c1,c3650a98-16ba-4c06-9811-a6b994d5726e,2025-12-10 21:08:31.702756+00,cardio,30,"{""notes"":""Duration and type explicitly stated."",""llm_method"":""health_interpretation_v1"",""original_text"":""30 min cardio"",""source_log_timestamp"":""2025-12-10T21:08:31.702756+00:00"",""source_progress_log_id"":21}",2025-12-10,21,1765400911702771
2ba93de9-88b3-4f21-b6e8-780ab74519ba,c3650a98-16ba-4c06-9811-a6b994d5726e,2025-12-17 17:14:37.416055+00,other,0,"{""notes"":null,""llm_method"":""health_interpretation_v1"",""original_text"":""30min leg and shoulder workout"",""source_log_timestamp"":""2025-12-17T17:14:37.416055+00:00"",""source_progress_log_id"":25}",2025-12-17,25,1765991677416067
2d218caa-9571-4398-8733-35bdc1630e5f,c3650a98-16ba-4c06-9811-a6b994d5726e,2025-12-05 14:04:58.540494+00,other,0,"{""macros"":{""raw_string"":""P 40g / C 25g / F 30g (conf 0.75)""},""llm_method"":""health_interpretation_v1"",""estimation_notes"":""Assumes a standard restaurant-sized bowl of beef doenjang-jjigae without separate rice."",""source_log_timestamp"":""2025-12-05T14:04:38.307247+00:00"",""original_workout_text"":""none"",""source_progress_log_id"":15}",2025-12-05,15,9
42614c03-30fb-4510-86dc-fd57767e9618,c3650a98-16ba-4c06-9811-a6b994d5726e,2025-12-11 20:34:00.358857+00,strength,30,"{""notes"":""Leg and shoulder workout indicates strength training."",""llm_method"":""health_interpretation_v1"",""original_text"":""30 min leg and shoulder workout"",""source_log_timestamp"":""2025-12-11T20:34:00.358857+00:00"",""source_progress_log_id"":22}",2025-12-11,22,1765485240358874
45c34c45-31e2-4b2a-ad2e-93435eb34978,c3650a98-16ba-4c06-9811-a6b994d5726e,2025-12-09 21:24:03.303838+00,strength,30,"{""notes"":""Leg day implies strength training."",""llm_method"":""health_interpretation_v1"",""original_text"":""30 min leg day"",""source_log_timestamp"":""2025-12-09T21:24:03.303838+00:00"",""source_progress_log_id"":20}",2025-12-09,20,1765315443303853
52ec48f0-4b61-4365-b6c8-dbe3fdd8334f,c3650a98-16ba-4c06-9811-a6b994d5726e,2025-12-04 22:54:21.845283+00,other,0,"{""macros"":{""raw_string"":""P 30g / C 72g / F 30g (conf 0.75)""},""llm_method"":""health_interpretation_v1"",""estimation_notes"":""Assumed average-sized pork and vegetable dumplings, pan-fried or boiled."",""source_log_timestamp"":""2025-12-04T22:54:21.763512+00:00"",""original_workout_text"":""I did 30min of cardio"",""source_progress_log_id"":12}",2025-12-04,12,6
62133d00-8969-4057-96f8-36f9d16e7ee5,c3650a98-16ba-4c06-9811-a6b994d5726e,2025-12-09 21:19:08.17323+00,cardio,30,"{""notes"":""Directly stated duration and type."",""llm_method"":""health_interpretation_v1"",""original_text"":""30 min cardio"",""source_log_timestamp"":""2025-12-09T21:19:08.173230+00:00"",""source_progress_log_id"":20}",2025-12-09,20,1765315148173243
85d42eba-5c98-47bd-8b13-3271518347d2,c3650a98-16ba-4c06-9811-a6b994d5726e,2025-12-10 20:53:42.605493+00,strength,30,"{""notes"":""Workout focused on back and bicep muscles."",""llm_method"":""health_interpretation_v1"",""original_text"":""back and bicep 30 min workout"",""source_log_timestamp"":""2025-12-10T20:53:42.605493+00:00"",""source_progress_log_id"":21}",2025-12-10,21,1765400022605505
8748a253-8bda-4ec7-9d81-d0198244b51d,c3650a98-16ba-4c06-9811-a6b994d5726e,2025-12-03 20:57:28.767976+00,other,0,"{""notes"":null,""llm_method"":""health_interpretation_v1"",""original_text"":null,""source_log_timestamp"":""2025-12-03T20:57:28.767976+00:00"",""source_progress_log_id"":10}",2025-12-03,10,1767398803503039
8a3a847e-dd9f-45ca-9fe8-f69aa3d487ed,c3650a98-16ba-4c06-9811-a6b994d5726e,2025-12-08 15:34:50.730048+00,other,0,"{""macros"":{""raw_string"":""P 103g / C 186g / F 108g (conf 0.75)""},""llm_method"":""health_interpretation_v1"",""estimation_notes"":""Estimates assume generous portions, especially for the restaurant curry and dinner items."",""source_log_timestamp"":""2025-12-08T15:34:50.641644+00:00"",""original_workout_text"":""took a rest day after a long night out"",""source_progress_log_id"":19}",2025-12-08,19,13
93af793c-4d20-48e7-a2ec-00e2900e48e2,c3650a98-16ba-4c06-9811-a6b994d5726e,2025-12-05 14:10:59.652233+00,other,0,"{""macros"":{""raw_string"":""P 45g / C 70g / F 25g (conf 0.75)""},""llm_method"":""health_interpretation_v1"",""estimation_notes"":""Assumes a generous bowl of beef dwengjang stew with tofu and vegetables, served with 1 cup cooked white rice."",""source_log_timestamp"":""2025-12-05T14:10:39.771347+00:00"",""original_workout_text"":""none"",""source_progress_log_id"":16}",2025-12-05,16,10
950e895c-c572-4843-8a57-43f007e78573,c3650a98-16ba-4c06-9811-a6b994d5726e,2025-12-02 14:45:14.763046+00,other,0,"{""macros"":{""raw_string"":""P 44g / C 125g / F 75g (conf 0.7)""},""intensity"":""good"",""activities"":null,""llm_method"":""health_interpretation_v1"",""estimation_notes"":""Assumes a typical large breakfast burrito with eggs, cheese, meat, and potatoes, and a standard slice of blueberry pie."",""primary_muscle_group"":null,""source_log_timestamp"":""2025-12-02T14:44:57.918808+00:00"",""original_workout_text"":""I hit a good chest and triceps workout for 30min and cardio on elliptical for 30min"",""source_progress_log_id"":8}",2025-12-02,8,2
957180e6-c4c7-4756-bbfc-b0f9a535242d,c3650a98-16ba-4c06-9811-a6b994d5726e,2025-12-05 13:47:18.300673+00,strength,30,"{""macros"":{""raw_string"":""P 29g / C 85g / F 21g (conf 0.75)""},""llm_method"":""health_interpretation_v1"",""estimation_notes"":""Assumed typical restaurant serving of doenjang jjigae (soybean paste stew) and 1 cup of white rice."",""source_log_timestamp"":""2025-12-05T13:46:58.160538+00:00"",""original_workout_text"":""30 min chest and triceps workout"",""source_progress_log_id"":14}",2025-12-05,14,8
a9bb30da-8d82-4824-8a11-64732b0a258f,c3650a98-16ba-4c06-9811-a6b994d5726e,2025-12-02 16:51:58.348724+00,other,0,"{""macros"":{""raw_string"":""P 25g / C 30g / F 20g (conf 0.6)""},""intensity"":null,""activities"":null,""llm_method"":""health_interpretation_v1"",""estimation_notes"":""Assumes a standard plain beef burger (e.g., quarter-pound patty) with bun and basic condiments."",""primary_muscle_group"":null,""source_log_timestamp"":""2025-12-02T16:51:41.820631+00:00"",""original_workout_text"":""I hit a back day for 30 min"",""source_progress_log_id"":9}",2025-12-02,9,3
afedd41b-a7f3-452c-b5bd-649e3e77695a,c3650a98-16ba-4c06-9811-a6b994d5726e,2025-12-03 20:57:46.565797+00,other,0,"{""macros"":{""raw_string"":""P 30g / C 52g / F 36g (conf 0.9)""},""intensity"":null,""activities"":null,""llm_method"":""health_interpretation_v1"",""estimation_notes"":""Assumes a standard fast-food style fried chicken sandwich with bun and minimal condiments."",""primary_muscle_group"":null,""source_log_timestamp"":""2025-12-03T20:57:28.767976+00:00"",""original_workout_text"":""I worked out my back for 30 min"",""source_progress_log_id"":10}",2025-12-03,10,4
b4a6ba5c-befd-4a81-8ddb-13c483192eed,c3650a98-16ba-4c06-9811-a6b994d5726e,2025-12-04 22:04:46.079754+00,other,0,"{""notes"":null,""llm_method"":""health_interpretation_v1"",""original_text"":null,""source_log_timestamp"":""2025-12-04T22:04:46.079754+00:00"",""source_progress_log_id"":11}",2025-12-04,11,1766173827555962
c1f2fdf4-99f4-4ee8-8d3b-c763f0a7d9f9,c3650a98-16ba-4c06-9811-a6b994d5726e,2025-12-06 17:59:17.879652+00,cardio,30,"{""macros"":{""raw_string"":""P 30g / C 70g / F 20g (conf 0.75)""},""llm_method"":""health_interpretation_v1"",""estimation_notes"":""Assumed 2 medium-sized rouganbao with typical pork floss filling."",""source_log_timestamp"":""2025-12-06T17:59:17.794868+00:00"",""original_workout_text"":""I walked for 30min"",""source_progress_log_id"":18}",2025-12-06,18,12
ca9027dd-9883-484e-8a8a-571e5a2d0c7f,c3650a98-16ba-4c06-9811-a6b994d5726e,2025-12-10 22:27:13.165066+00,cardio,30,"{""notes"":""Directly specified duration and type."",""llm_method"":""health_interpretation_v1"",""original_text"":""30min cardio"",""source_log_timestamp"":""2025-12-10T22:27:13.165066+00:00"",""source_progress_log_id"":21}",2025-12-10,21,1765405633165077
ec5adb12-3af5-4e1a-9bce-ec6ff95e6933,c3650a98-16ba-4c06-9811-a6b994d5726e,2025-12-16 19:52:15.528753+00,cardio,30,"{""notes"":"""",""llm_method"":""health_interpretation_v1"",""original_text"":""30 min cardio"",""source_log_timestamp"":""2025-12-16T19:52:15.528753+00:00"",""source_progress_log_id"":24}",2025-12-16,24,1765914735528768
ee5a589f-d1e4-45a9-90b4-8ac3447e535d,c3650a98-16ba-4c06-9811-a6b994d5726e,2025-12-06 17:21:46.728209+00,mixed,60,"{""macros"":{""raw_string"":""P 193g / C 295g / F 190g (conf 0.6)""},""llm_method"":""health_interpretation_v1"",""estimation_notes"":""Estimates based on common restaurant and bakery serving sizes; portion sizes for 'small' items were interpreted generously."",""source_log_timestamp"":""2025-12-06T17:21:46.519034+00:00"",""original_workout_text"":""I did a 30 min back and bicep workout and 30 min elliptical cardio"",""source_progress_log_id"":17}",2025-12-06,17,11
f058d696-c123-4250-a14c-7b2ea51eb575,c3650a98-16ba-4c06-9811-a6b994d5726e,2025-12-04 23:09:12.051305+00,other,0,"{""macros"":{""raw_string"":""P 35g / C 40g / F 42g (conf 0.85)""},""llm_method"":""health_interpretation_v1"",""estimation_notes"":""Assumes a single-patty cheeseburger with bun and standard condiments."",""source_log_timestamp"":""2025-12-04T23:09:11.942588+00:00"",""original_workout_text"":""I did 30 min of cardio"",""source_progress_log_id"":13}",2025-12-04,13,7
ff0bcd7c-fd10-4fdb-9454-3ca52a2000e0,c3650a98-16ba-4c06-9811-a6b994d5726e,2025-12-15 18:30:50.593209+00,cardio,30,"{""notes"":""Directly stated duration and type."",""llm_method"":""health_interpretation_v1"",""original_text"":""30 min cardio"",""source_log_timestamp"":""2025-12-15T18:30:50.593209+00:00"",""source_progress_log_id"":23}",2025-12-15,23,1765823450593224